KILLSTANDARDIZED,PLACE STANDARDIZED,RANK
1.298894192,1.495065776,1
1.517655319,0.8154904233,2
1.517655319,-0.1359150706,3
0.7519913742,0.5436602822,4
0.5332302472,0.8154904233,5
-0.6699559516,1.766895917,6
0.6426108107,0,7
-0.01367257044,0.5436602822,8
0.3144691201,-0.9514054939,9
-0.4511948245,-0.4077452117,10
-1.54500046,0.8154904233,11
0.09570799308,-1.359150706,12
-0.6699559516,-0.9514054939,13
-0.8887170786,-0.6795753528,14
-0.9980976422,-1.359150706,15
-1.435619896,-0.9514054939,16
1.823290022,1.609108276,1
2.03779473,0.5419276576,2
0.8580188337,0.8087228122,3
0.9652711879,0.5419276576,4
0.6435141253,0.6753252349,5
-0.3217570626,1.609108276,6
0,0.9421203894,7
-0.3217570626,0.4085300804,8
-0.2145047084,-0.6586505378,9
-0.1072523542,-0.9254456923,10
-0.9652711879,-0.258457806,11
-0.4290094169,-1.192240847,12
-0.8580188337,-0.792048115,13
-0.8580188337,-1.05884327,14
-0.9652711879,-1.05884327,15
-1.287028251,-1.192240847,16
1.946937314,2.408515181,1
1.141308081,0.7686750578,2
1.007036542,0.8711650655,3
0.604221925,0.9736550733,4
0.8727650027,-0.1537350116,5
-0.604221925,0.7686750578,6
0.06713576944,0.1537350116,7
-0.06713576944,-0.05124500386,8
0.2014073083,-0.358715027,9
0.2014073083,-0.4612050347,10
0.06713576944,-0.6661850501,11
-0.8727650027,-0.4612050347,12
-1.544122697,-0.358715027,13
-1.812665775,-0.2562250193,14
-0.3356788472,-1.486105112,15
-0.8727650027,-1.691085127,16
2.433491431,-0.3635362297,1
0.7789930076,1.090608689,2
0.2274935332,1.635913034,3
0.3377934281,0.9088405743,4
0.2274935332,1.090608689,5
0.3377934281,0.7270724594,6
0.9995927974,-0.5453043446,7
0.448093323,-0.3635362297,8
-0.1034061515,0.3635362297,9
-0.6549056259,0.7270724594,10
-0.1034061515,-0.5453043446,11
-0.6549056259,-0.1817681149,12
-0.1034061515,-1.272376804,13
-0.9858053105,-0.3635362297,14
-1.64760468,-0.7270724594,15
-1.537304785,-2.181217378,16
2.788926325,2.090574944,1
0.3827938094,1.742145787,2
0.9296421084,0.9291444196,3
0.9296421084,0.2322861049,4
0.2734241495,0.9291444196,5
-0.3827938094,0.4645722098,6
-0.1640544897,0,7
-0.1640544897,-0.1161430525,8
0.3827938094,-0.9291444196,9
-0.4921634692,-0.1161430525,10
0.05468482991,-0.9291444196,11
-0.3827938094,-0.5807152623,12
-0.7109027888,-1.045287472,13
-1.039011768,-0.8130013672,14
-1.039011768,-1.045287472,15
-1.367120748,-0.8130013672,16
1.500908621,2.810271055,1
2.520393723,1.170946273,2
1.387632499,0,3
0.5946996424,0.2341892546,4
-0.1982332141,0.5854731364,5
-0.1982332141,0,6
-0.3115093365,0.1170946273,7
-0.6513377036,0.4683785091,8
-0.5380615812,0.1170946273,9
-0.6513377036,-0.1170946273,10
-0.1982332141,-0.8196623909,11
-0.1982332141,-0.9367570182,12
-0.5380615812,-0.7025677637,13
-0.4247854589,-1.2880409,14
-0.8778899483,-0.9367570182,15
-1.217718315,-0.7025677637,16
1.336787257,1.68391522,1
1.907149819,0.6476597002,2
0.6238340531,1.55438328,3
0.3386527717,1.2953194,4
0.9090153345,0.6476597002,5
0.9090153345,0.3885958201,6
0.6238340531,-0.6476597002,7
-0.6594817133,0.3885958201,8
-1.087253635,0.12953194,9
-0.5168910726,-0.5181277602,10
-0.802072354,-0.2590638801,11
0.3386527717,-1.42485134,12
-0.5168910726,-0.6476597002,13
-0.802072354,-1.03625552,14
-1.515025557,-0.7771916402,15
-1.087253635,-1.42485134,16
1.682984911,1.367201052,1
0.9401501915,2.269271849,2
1.125858871,1.141683352,3
1.311567551,0.4651302547,4
0.5687328319,0.2396125555,5
0.7544415117,-0.4369405423,6
0.3830241521,0.0140948562,7
-0.5455192469,0.4651302547,8
-0.3598105671,-0.211422843,9
-0.3598105671,-0.211422843,10
-0.1741018873,-0.6624582416,11
-0.5455192469,-0.4369405423,12
-1.102645286,-0.211422843,13
-0.7312279267,-0.8879759408,14
-1.102645286,-1.11349364,15
-1.845480005,-1.790046738,16
1.446491806,1.845062416,1
1.957958522,-0.230632802,2
0.9350250901,1.15316401,3
0.6792917321,1.383796812,4
1.062891769,0,5
-0.2157750208,1.383796812,6
0.03995833718,0.461265604,7
0.2956916952,-0.461265604,8
0.03995833718,-0.230632802,9
-0.2157750208,0,10
-0.7272417367,-0.461265604,11
-0.7272417367,-0.691898406,12
-0.8551084157,-0.461265604,13
-1.238708453,-0.691898406,14
-1.110841774,-1.383796812,15
-1.366575132,-1.614429614,16
2.331844763,1.742537588,1
2.010211003,1.916791347,2
0.723675961,1.045522553,3
0.2412253203,1.219776312,4
0.2412253203,-0.3485075177,5
-0.2412253203,-0.3485075177,6
-0.5628590808,0,7
-1.045309721,0.5227612765,8
0.2412253203,-1.045522553,9
-0.2412253203,-0.5227612765,10
-0.2412253203,-0.5227612765,11
-0.4020422006,-0.5227612765,12
-0.723675961,-0.3485075177,13
-0.08040844011,-1.394030071,14
-1.206126602,-0.3485075177,15
-1.045309721,-1.045522553,16
1.917800514,1.971012959,1
1.669340529,0.9855064797,2
1.29665055,1.31400864,3
1.048190565,0.9855064797,4
0.5512705932,0.9855064797,5
0.3028106075,0.4927532399,6
-0.1941093638,-0.4927532399,7
-0.5667993423,-0.16425108,8
-0.815259328,-0.16425108,9
-0.5667993423,-0.6570043198,10
-0.6910293351,-0.4927532399,11
-0.815259328,-0.4927532399,12
-0.3183393566,-1.31400864,13
-0.9394893208,-0.4927532399,14
-0.6910293351,-1.14975756,15
-1.187949306,-1.31400864,16
1.824623509,1.90907787,1
1.27379377,1.561972803,2
1.27379377,0.8677626681,3
1.27379377,0,4
0.4475491625,0.3471050673,5
0.1721342933,0.3471050673,6
-0.2409880106,0.8677626681,7
-0.3786954452,0.5206576009,8
0.1721342933,-0.6942101345,9
-0.6541103144,0,10
-0.2409880106,-1.214867735,11
-0.5164028798,-0.8677626681,12
-0.6541103144,-0.8677626681,13
-1.204940053,-0.1735525336,14
-0.791817749,-1.388420269,15
-1.755769791,-1.214867735,16
2.00949863,1.903467469,1
1.576475356,1.332427228,2
1.251707901,1.332427228,3
1.251707901,0.5710402407,4
0.3856613533,1.332427228,5
-0.1556177391,0.1903467469,6
-0.2638735575,-0.1903467469,7
-0.372129376,-0.1903467469,8
-0.1556177391,-0.7613869876,9
-0.1556177391,-0.7613869876,10
-0.9134084683,-0.3806934938,11
-0.6968968314,-0.9517337345,12
-0.9134084683,-0.7613869876,13
-1.129920105,-0.3806934938,14
-0.9134084683,-0.9517337345,15
-0.8051526499,-1.332427228,16
2.089528586,1.138989595,1
0.7029289712,2.27797919,2
1.627328714,-0.7118684968,3
-0.2214707718,0.9966158955,4
-0.2214707718,0.9966158955,5
-0.06740414792,0.5694947975,6
0.5488623474,-0.1423736994,7
-0.2214707718,0.5694947975,8
0.3947957236,-0.8542421962,9
-0.3755373956,-0.1423736994,10
0.3947957236,-0.9966158955,11
-0.06740414792,-0.5694947975,12
-0.8377372671,-0.1423736994,13
-0.5296040194,-0.8542421962,14
-1.145870515,-0.7118684968,15
-2.070270258,-1.423736994,16
1.752920928,1.721751108,1
1.623673302,1.033050665,2
0.977435172,0.5165253324,3
0.7189399199,0.8608755539,4
-0.1857934625,1.205225776,5
1.106682798,-0.6887004432,6
0.4604446678,-0.1721751108,7
-0.1857934625,0.6887004432,8
-0.3150410885,0.1721751108,9
-0.7027839667,0.5165253324,10
-0.3150410885,-0.1721751108,11
-0.7027839667,-0.6887004432,12
-0.8320315927,-0.6887004432,13
-0.7027839667,-1.205225776,14
-0.9612792188,-1.549575997,15
-1.736764975,-1.549575997,16
1.16320613,1.744205699,1
1.429081817,0.5814018997,2
1.340456588,-0.1453504749,3
0.8087052143,0.2907009499,4
0.7200799853,0.1453504749,5
0.1883286115,0.8721028496,6
0.6314547563,-0.1453504749,7
-0.3434227622,0.7267523747,8
-0.1661723043,0.2907009499,9
-0.3434227622,0.4360514248,10
-0.1661723043,0,11
-0.6092984491,0.4360514248,12
-0.5206732201,-1.017453325,13
-0.6979236781,-0.7267523747,14
-1.052424594,-0.7267523747,15
-2.381803028,-2.761659024,16
1.491418259,1.882796291,1
1.168949446,2.053959591,2
1.168949446,0.3423265984,3
0.685246227,0.8558164961,4
0.8464806334,0.3423265984,5
-0.1209258048,0.5134898977,6
0.8464806334,-0.6846531969,7
0.201543008,-0.3423265984,8
-0.4433946175,0.3423265984,9
-0.4433946175,0,10
0.3627774143,-1.198143095,11
-1.088332243,-0.5134898977,12
-0.4433946175,-1.369306394,13
-1.088332243,-0.8558164961,14
-1.410801056,-0.5134898977,15
-1.733269868,-0.8558164961,16
1.24127389,1.454144919,1
2.50225054,-0.1817681149,2
0.6107855648,1.272376804,3
-0.4925690039,2.181217378,4
0.6107855648,0.3635362297,5
0.6107855648,-0.3635362297,6
-0.1773248414,0.1817681149,7
0.4531634836,-0.7270724594,8
-0.3349469227,0.1817681149,9
-0.4925690039,0.3635362297,10
-0.3349469227,-0.1817681149,11
-0.4925690039,0,12
-0.4925690039,-0.7270724594,13
-0.1773248414,-1.272376804,14
-1.595923573,-1.090608689,15
-1.438301491,-1.454144919,16
0.9550015581,1.452368755,1
0.6023855982,1.331338025,2
0.6023855982,1.210307296,3
0.3673082916,1.210307296,4
0.8374629048,0.1210307296,5
0.6023855982,0.3630921887,6
1.072540211,-0.2420614591,7
1.542694825,-1.089276566,8
0.132230985,-0.2420614591,9
-1.395771508,1.089276566,10
-0.4554622816,-0.7261843774,11
0.132230985,-1.694430214,12
-1.160694201,-0.6051536478,13
-1.043155548,-0.9682458366,14
-1.160694201,-0.847215107,15
-1.630848815,-0.3630921887,16
0.507352889,1.597661106,1
1.06719056,0.7100716025,2
1.06719056,0.7100716025,3
2.046906483,-0.8875895031,4
0.2274340537,1.065107404,5
0.2274340537,0.8875895031,6
-0.3324036169,0.5325537019,7
0.3673934713,-0.5325537019,8
-0.1924441993,0.1775179006,9
0.3673934713,-0.7100716025,10
-0.3324036169,0,11
-0.4723630346,0,12
-1.172160123,0.8875895031,13
0.08747463603,-1.065107404,14
-1.592038376,-1.775179006,15
-1.871957211,-1.597661106,16
1.670207492,1.657736892,1
1.229713208,1.105157928,2
0.6423874968,1.519592151,3
0.7892189246,0.552578964,4
0.7892189246,0.414434223,5
0.3487246411,0.828868446,6
0.7892189246,0.138144741,7
0.3487246411,0.138144741,8
-0.5322639259,0.138144741,9
-1.119589637,0,10
0.05506178544,-1.38144741,11
-0.0917696424,-1.243302669,12
-1.119589637,-0.690723705,13
-0.6790953537,-1.243302669,14
-1.413252493,-0.690723705,15
-1.706915349,-1.243302669,16
1.825741858,1.341640786,1
1.026979795,1.341640786,2
0.798762063,0.894427191,3
0.798762063,0.7826237921,4
-0.4564354646,1.788854382,5
0.5705443307,0.3354101966,6
0.4564354646,-0.1118033989,7
1.597524126,-1.565247584,8
-0.798762063,0.1118033989,9
-0.4564354646,-0.5590169944,10
-0.5705443307,-0.4472135955,11
-0.9128709292,-0.5590169944,12
-0.6846531969,-0.894427191,13
-1.369306394,-0.2236067977,14
-0.798762063,-1.229837388,15
-1.026979795,-1.00623059,16
1.730322322,1.677050983,1
1.608361278,1.490711985,2
1.486400233,0.1863389981,3
0.3887508301,1.677050983,4
0.6326729196,0.3726779962,5
0.5107118749,0.3726779962,6
0.1448287406,0.5590169944,7
-0.09909334886,0.3726779962,8
-0.09909334886,-0.3726779962,9
-0.3430154384,-0.9316949906,10
-0.7088985726,-0.9316949906,11
-0.9528206621,-0.5590169944,12
-0.9528206621,-0.7453559925,13
-1.074781707,-0.7453559925,14
-0.8308596174,-1.490711985,15
-1.440664841,-0.9316949906,16
2.43077605,2.134704201,1
1.353755277,1.0673521,2
1.234086302,0.5336760502,3
0.03739655462,1.601028151,4
0.5160724537,0.711568067,5
0.3964034789,-0.1778920167,6
0.1570655294,-0.1778920167,7
-0.3216103697,0.3557840335,8
-0.08227242016,-0.711568067,9
-0.4412793445,-0.3557840335,10
-0.680617294,-0.1778920167,11
-0.5609483193,-0.711568067,12
-0.8002862688,-0.711568067,13
-0.9199552436,-0.711568067,14
-1.039624218,-1.245244117,15
-1.278962168,-1.423136134,16
1.446231018,1.053390311,1
0.5562426994,1.829572646,2
1.668728098,0.2772079766,3
0,1.829572646,4
1.223733939,0.3880911673,5
0,1.053390311,6
0.6674912392,0.05544159532,7
0.6674912392,-0.4989743579,8
0.3337456196,-0.166324786,9
-0.6674912392,-0.2772079766,10
-0.3337456196,-0.7207407392,11
-0.5562426994,-0.6098575485,12
-1.334982478,-0.7207407392,13
-1.001236859,-1.164273502,14
-1.112485399,-1.275156692,15
-1.557479558,-1.053390311,16
1.138126611,2.446950972,1
1.85931575,0.7196914624,2
0.5972347561,1.007568047,3
0.5972347561,0.7196914624,4
0.2366401864,0.7196914624,5
0.2366401864,0.4318148775,6
0.777532041,-0.5757531699,7
0.4169374713,-0.5757531699,8
-1.205738093,0.7196914624,9
0.2366401864,-0.7196914624,10
0.2366401864,-0.8636297549,11
-0.1239543833,-0.7196914624,12
-0.4845489531,-0.4318148775,13
-1.566332662,-0.7196914624,14
-1.566332662,-0.7196914624,15
-1.386035377,-1.439382925,16
0.7201371821,1.822052519,1
2.091827053,-0.1544112304,2
1.634597096,0.2161757226,3
0.5372451993,1.204407597,4
0.1714612338,1.698523535,5
0.8115831734,0.7102916599,6
0.3543532166,0.4632336912,7
0.3543532166,0.3397047069,8
-0.285768723,0.09264673825,9
-0.5601066972,-0.5249981834,10
-0.7429986799,-0.6485271677,11
-0.8344446713,-0.6485271677,12
-1.108782645,-0.8955851364,13
-0.9258906626,-1.266172089,14
-1.017336654,-1.266172089,15
-1.200228637,-1.142643105,16
0.864078264,2.405351177,1
1.3707629,0.979957887,2
0.719311225,0.979957887,3
1.587913459,-0.5345224838,4
1.3707629,-0.3563483225,5
0.3573936275,0.8017837257,6
0.5021606665,0.4454354032,7
-0.2216745285,0.7126966451,8
-0.2216745285,0.2672612419,9
-0.5112086064,-0.4454354032,10
-0.3664415675,-0.8017837257,11
-0.8007426844,-0.3563483225,12
-0.8007426844,-0.7126966451,13
-0.8007426844,-0.8017837257,14
-1.45219436,-1.33630621,15
-1.596961399,-1.247219129,16
2.370890829,2.600260063,1
2.247326486,1.521633666,2
0.5174256858,-0.01926118565,3
0.02316831429,0.44300727,4
0.02316831429,0.2889177848,5
0.270297,-0.3274401561,6
-0.8417820858,1.059365211,7
0.02316831429,-0.4815296413,8
0.02316831429,-0.7897086117,9
-0.7182177429,-0.1733506709,10
-0.5946534001,-0.4815296413,11
-0.8417820858,-0.1733506709,12
-0.3475247143,-0.7897086117,13
-0.8417820858,-0.4815296413,14
-0.5946534001,-1.097887582,15
-0.7182177429,-1.097887582,16
2.671098548,1.342104647,1
0.5670947687,1.342104647,2
0.9615954774,0.6813762055,3
0.8300952411,0.8465583159,4
0.8300952411,-0.309716457,5
-0.3534068848,1.176922537,6
-0.3534068848,0.8465583159,7
-0.6164073573,0.8465583159,8
-0.3534068848,0.0206477638,9
0.17259406,-0.8052627883,10
-0.3534068848,-0.4748985675,11
0.04109382382,-1.30080912,12
-1.010908066,-0.6400806779,13
-0.7479075935,-1.30080912,14
-0.8794078297,-1.30080912,15
-1.405408775,-0.9704448987,16
2.852648648,2.908812702,1
1.408269586,0.5817625404,2
0.7582990078,0.5817625404,3
0.4694231953,0.1163525081,4
0.3249852891,-0.1163525081,5
-0.1083284297,0.1163525081,6
-0.1805473828,0.2327050162,7
-0.03610947656,-0.5817625404,8
-0.4694231953,-0.1163525081,9
-0.6860800547,0.2327050162,10
-0.6860800547,0.2327050162,11
-0.5416421484,-0.2327050162,12
-0.6138611016,-0.1163525081,13
-0.7582990078,-1.047172573,14
-0.9749558672,-1.047172573,15
-0.7582990078,-1.745287621,16
1.284879229,2.55550626,1
1.961131455,0,2
0.4733765582,1.597191412,3
1.284879229,0.3194382825,4
0.8791278938,0.1597191412,5
0.4733765582,0.4791574237,6
0.2028756678,0.4791574237,7
0.0676252226,-0.3194382825,8
-0.2028756678,0,9
-0.7438774486,0,10
-0.6086270034,-0.7985957062,11
-0.7438774486,-0.638876565,12
-0.8791278938,-0.4791574237,13
-1.149628784,-0.7985957062,14
-0.7438774486,-1.437472271,15
-1.55538012,-1.118033989,16
1.06038315,1.6425108,1
0.9178106256,0.9855064797,2
1.773245772,-0.3285021599,3
0.4900930525,1.14975756,4
1.345528199,-0.16425108,5
0.6326655769,0.4927532399,6
-0.08019704496,0.9855064797,7
0.2049480038,0.4927532399,8
-0.08019704496,0.3285021599,9
-0.9356321912,0.8212553998,10
-0.3653420937,-0.6570043198,11
-0.7930596668,-0.4927532399,12
-0.2227695693,-1.31400864,13
-0.7930596668,-1.47825972,14
-1.363349764,-1.31400864,15
-1.791067337,-1.14975756,16
1.626333107,1.515873458,1
0.2820577713,2.021164611,2
1.818372441,-0.1263227882,3
0.3780774382,0.8842595171,4
0.2820577713,0.3789683645,5
1.24225444,-1.010582305,6
-0.1980405629,0.8842595171,7
0.09001843766,-0.1263227882,8
-0.5821192302,0.3789683645,9
-0.3900798965,0,10
-0.2940602297,-0.2526455763,11
0.3780774382,-1.263227882,12
-0.4860995634,-0.1263227882,13
-0.8701782308,-0.3789683645,14
-1.446296232,-1.515873458,15
-1.830374899,-1.263227882,16
2.735915975,1.820132807,1
1.473185525,2.426843743,2
1.192578758,0.3033554679,3
0.3507584583,-0.1516777339,4
-0.4910618416,0.7583886696,5
-0.07015169166,0,6
-0.07015169166,0,7
-0.4910618416,0.1516777339,8
-0.07015169166,-0.6067109357,9
-0.4910618416,-0.1516777339,10
-0.7716686082,0,11
-0.6313652249,-0.3033554679,12
-0.4910618416,-0.9100664036,13
-0.3507584583,-1.213421871,14
-0.7716686082,-1.213421871,15
-1.052275375,-0.9100664036,16
1.647799827,2.312023907,1
2.185856914,0.6605782591,2
1.109742741,-0.3302891295,3
0.5716856543,0,4
-0.1008857037,0.8257228238,5
-0.6389427901,1.486301083,6
0.7061999259,-0.4954336943,7
-0.1008857037,0.3302891295,8
-0.3699142469,0.6605782591,9
-0.1008857037,-0.3302891295,10
-0.2353999753,-0.1651445648,11
-0.3699142469,-0.6605782591,12
-1.042485605,-0.6605782591,13
-0.9079713333,-1.156011953,14
-1.176999877,-1.156011953,15
-1.176999877,-1.321156518,16
2.703392557,2.780046499,1
1.596491668,0.320774596,2
0.2341521113,1.283098384,3
0.6598832227,0,4
0.149005889,0.2138497307,5
-0.1064327779,0.2138497307,6
0.06385966671,-0.1069248653,7
-0.5321638893,0.5346243267,8
-0.7024563338,0.320774596,9
-0.2767252224,-0.320774596,10
0.2341521113,-1.069248653,11
-0.2767252224,-0.4276994614,12
-0.7876025561,-0.7484740574,13
-0.7876025561,-1.176173519,14
-0.9578950007,-0.9623237881,15
-1.213333668,-0.8553989228,16
1.532596093,1.828750168,1
0.6721912688,1.547403988,2
0.9589928768,1.125384719,3
0.9589928768,0.1406730898,4
0.2419888568,0.7033654492,5
0.6721912688,0.1406730898,6
0.6721912688,0,7
0.5287904648,0.1406730898,8
0.09858805276,0.5626923594,9
-0.6184159673,0,10
0.3853896608,-1.266057809,11
-0.4750151633,-0.7033654492,12
-0.9052175753,-0.4220192695,13
-1.335419987,-1.125384719,14
-1.622221595,-1.406730898,15
-1.765622399,-1.266057809,16
1.850789961,1.312238108,1
1.961698723,0.6076807344,2
1.628972437,-0.09687663881,3
0.2980672971,1.312238108,4
0.07624977367,1.030415158,5
-0.7001115582,1.875884006,6
0.4089760588,0.3258577851,7
-0.03465898803,0.1849463105,8
-0.3673852731,-0.801434012,9
-1.032837843,0.04403483582,10
-0.4782940348,-0.801434012,11
-0.5892027965,-0.6605225373,12
-0.4782940348,-1.083256961,13
-0.5892027965,-1.224168436,14
-0.8110203199,-1.083256961,15
-1.143746605,-0.9423454866,16
0.9072354602,1.1620871,1
1.011665441,0.7395099729,2
1.429385365,0,3
0.4895155361,0.8451542547,4
0.4895155361,0.8451542547,5
0.3850855551,0.8451542547,6
1.011665441,0,7
-0.03263436907,0.7395099729,8
-0.1370643501,0.7395099729,9
-0.3459243122,0.9507985366,10
0.176225593,-0.7395099729,11
-0.03263436907,-0.633865691,12
-0.1370643501,-0.8451542547,13
-1.390224123,-1.373375664,14
-1.807944047,-1.479019946,15
-2.016804009,-1.795952791,16
0.9072354602,1.968475579,1
1.011665441,1.54141647,2
1.429385365,1.327886916,3
0.4895155361,0.7940630302,4
0.4895155361,0.2602391444,5
0.3850855551,0.2602391444,6
1.011665441,-0.06005518716,7
-0.03263436907,-0.1668199643,8
-0.1370643501,-0.3803495187,9
-0.3459243122,-0.3803495187,10
0.176225593,-0.4871142958,11
-0.03263436907,-0.4871142958,12
-0.1370643501,-0.4871142958,13
-1.390224123,-0.593879073,14
-1.807944047,-1.554762068,15
-2.016804009,-1.554762068,16
1.242697727,1.968475579,1
1.119962149,1.54141647,2
0.629019837,1.327886916,3
1.856375616,0.7940630302,4
0.8744909929,0.2602391444,5
0.7517554149,0.2602391444,6
-0.3528647866,-0.06005518716,7
0.2608131031,-0.1668199643,8
0.1380775252,-0.3803495187,9
-0.5983359425,-0.3803495187,10
-0.7210715204,-0.4871142958,11
-0.5983359425,-0.4871142958,12
-1.089278254,-0.4871142958,13
-0.8438070984,-0.593879073,14
-1.089278254,-1.554762068,15
-1.580220566,-1.554762068,16
2.257611855,1.968475579,1
1.012032901,1.54141647,2
0.9162191348,1.327886916,3
1.012032901,0.7940630302,4
0.8204053691,0.2602391444,5
0.3413365404,0.2602391444,6
-0.04191852251,-0.06005518716,7
-0.3293598197,-0.1668199643,8
-0.1377322882,-0.3803495187,9
-0.3293598197,-0.3803495187,10
-0.3293598197,-0.4871142958,11
-0.5209873512,-0.4871142958,12
-1.00005618,-0.4871142958,13
-1.479125008,-0.593879073,14
-1.00005618,-1.554762068,15
-1.191683711,-1.554762068,16
1.523271878,1.968475579,1
2.144223472,1.54141647,2
1.057558183,1.327886916,3
0.4366065893,0.7940630302,4
0.1261307925,0.2602391444,5
0.1261307925,0.2602391444,6
-0.1843450044,-0.06005518716,7
-0.02910710595,-0.1668199643,8
0.9023202845,-0.3803495187,9
-1.271010293,-0.3803495187,10
-0.4948208012,-0.4871142958,11
-0.6500586996,-0.4871142958,12
-0.6500586996,-0.4871142958,13
-0.9605344964,-0.593879073,14
-0.805296598,-1.554762068,15
-1.271010293,-1.554762068,16
2.209592672,1.968475579,1
0.2455102969,1.54141647,2
1.054250099,1.327886916,3
1.400852871,0.7940630302,4
0.5921130691,0.2602391444,5
0.4765788117,0.2602391444,6
0.3610445543,-0.06005518716,7
-0.2166267326,-0.1668199643,8
-0.2166267326,-0.3803495187,9
-0.33216099,-0.3803495187,10
-0.4476952473,-0.4871142958,11
-0.7942980195,-0.4871142958,12
-0.7942980195,-0.4871142958,13
-0.9098322768,-0.593879073,14
-0.9098322768,-1.554762068,15
-1.718572078,-1.554762068,16
1.603209013,1.968475579,1
1.518551111,1.54141647,2
0.2486825861,1.327886916,3
1.264577406,0.7940630302,4
0.8412878977,0.2602391444,5
0.4179983894,0.2602391444,6
-0.1746069222,-0.06005518716,7
-0.2592648238,-0.1668199643,8
-0.4285806271,-0.3803495187,9
0.3333404878,-0.3803495187,10
0.3333404878,-0.4871142958,11
-0.6825543321,-0.4871142958,12
-1.275159644,-0.4871142958,13
-0.9365280371,-0.593879073,14
-1.10584384,-1.554762068,15
-1.698449152,-1.554762068,16
2.192581308,1.968475579,1
2.401398575,1.54141647,2
0,1.327886916,3
0,0.7940630302,4
0,0.2602391444,5
0.4176345348,0.2602391444,6
-0.1044086337,-0.06005518716,7
-0.3132259011,-0.1668199643,8
-0.5220431685,-0.3803495187,9
0.4176345348,-0.3803495187,10
-0.4176345348,-0.4871142958,11
-0.4176345348,-0.4871142958,12
-0.9396777033,-0.4871142958,13
-0.8352690696,-0.593879073,14
-0.9396777033,-1.554762068,15
-0.9396777033,-1.554762068,16
0.7604171656,1.968475579,1
1.919148085,1.54141647,2
0.7604171656,1.327886916,3
0.9052585305,0.7940630302,4
1.050099895,0.2602391444,5
0.6155758007,0.2602391444,6
0.6155758007,-0.06005518716,7
-0.2534723885,-0.1668199643,8
-1.122520578,-0.3803495187,9
-1.122520578,-0.3803495187,10
0.4707344358,-0.4871142958,11
-0.3983137534,-0.4871142958,12
-0.9776792129,-0.4871142958,13
-1.122520578,-0.593879073,14
-0.832837848,-1.554762068,15
-1.267361943,-1.554762068,16
1.346291202,1.968475579,1
1.253443533,1.54141647,2
1.067748195,1.327886916,3
0.2321191727,0.7940630302,4
0.7892051873,0.2602391444,5
0.4178145109,0.2602391444,6
1.53198654,-0.06005518716,7
0.04642383454,-0.1668199643,8
-0.04642383454,-0.3803495187,9
-0.4178145109,-0.3803495187,10
-0.6963575182,-0.4871142958,11
-0.7892051873,-0.4871142958,12
-1.067748195,-0.4871142958,13
-0.9749005254,-0.593879073,14
-0.9749005254,-1.554762068,15
-1.717681878,-1.554762068,16
1.264321335,1.968475579,1
1.066963859,1.54141647,2
0.6722489052,1.327886916,3
1.264321335,0.7940630302,4
0.9682851203,0.2602391444,5
0.9682851203,0.2602391444,6
0.8696063819,-0.06005518716,7
0.08017647493,-0.1668199643,8
-0.6105746937,-0.3803495187,9
-0.2158597402,-0.3803495187,10
-0.8079321704,-0.4871142958,11
-0.9066109088,-0.4871142958,12
-0.9066109088,-0.4871142958,13
-1.400004601,-0.593879073,14
-0.8079321704,-1.554762068,15
-1.498683339,-1.554762068,16
1.803571155,1.968475579,1
0.6336871625,1.54141647,2
1.153635603,1.327886916,3
0.893661383,0.7940630302,4
0.7636742727,0.2602391444,5
0.893661383,0.2602391444,6
-0.01624838878,-0.06005518716,7
0.1137387215,-0.1668199643,8
-0.146235499,-0.3803495187,9
-0.2762226093,-0.3803495187,10
-0.66618394,-0.4871142958,11
0.1137387215,-0.4871142958,12
-1.446106602,-0.4871142958,13
-1.706080822,-0.593879073,14
-0.9261581605,-1.554762068,15
-1.186132381,-1.554762068,16
2.369039063,1.968475579,1
1.892251327,1.54141647,2
0.3426911852,1.327886916,3
0.7002819871,0.7940630302,4
0.2234942512,0.2602391444,5
-0.2532934847,0.2602391444,6
0.4618881192,-0.06005518716,7
0.1042973172,-0.1668199643,8
-0.8492781546,-0.3803495187,9
-0.9684750886,-0.3803495187,10
-0.7300812206,-0.4871142958,11
-0.8492781546,-0.4871142958,12
-0.1340965507,-0.4871142958,13
-0.6108842866,-0.593879073,14
-0.6108842866,-1.554762068,15
-1.087672023,-1.554762068,16
1.855076093,1.968475579,1
1.300286981,1.54141647,2
1.022892425,1.327886916,3
1.161589703,0.7940630302,4
0.3294060352,0.2602391444,5
-0.08668579873,0.2602391444,6
0.884195147,-0.06005518716,7
0.3294060352,-0.1668199643,8
-0.6414749106,-0.3803495187,9
-0.5027776326,-0.3803495187,10
-0.5027776326,-0.4871142958,11
-1.057566744,-0.4871142958,12
-0.7801721886,-0.4871142958,13
-0.7801721886,-0.593879073,14
-1.3349613,-1.554762068,15
-1.196264022,-1.554762068,16
2.002070045,1.968475579,1
1.771615939,1.54141647,2
1.310707727,1.327886916,3
-0.1872439611,0.7940630302,4
0.2736642508,0.2602391444,5
0.1584371978,0.2602391444,6
0.04321014486,-0.06005518716,7
-0.0720169081,-0.1668199643,8
-0.1872439611,-0.3803495187,9
-0.1872439611,-0.3803495187,10
0.04321014486,-0.4871142958,11
-0.5329251199,-0.4871142958,12
-0.7633792258,-0.4871142958,13
-1.109060385,-0.593879073,14
-0.7633792258,-1.554762068,15
-1.800422702,-1.554762068,16
2.452035645,1.968475579,1
1.814107672,1.54141647,2
0.6977337201,1.327886916,3
0.2990287372,0.7940630302,4
0.2192877406,0.2602391444,5
0.538251727,0.2602391444,6
-0.1794172423,-0.06005518716,7
-0.09967624573,-0.1668199643,8
-0.3388992355,-0.3803495187,9
-0.6578632218,-0.3803495187,10
-0.2591582389,-0.4871142958,11
-0.817345215,-0.4871142958,12
-1.136309201,-0.4871142958,13
-0.7376042184,-0.593879073,14
-0.817345215,-1.554762068,15
-0.9768272082,-1.554762068,16
1.97978025,1.968475579,1
1.164576617,1.54141647,2
1.97978025,1.327886916,3
0.2329153235,0.7940630302,4
-0.2329153235,0.2602391444,5
0,0.2602391444,6
0.3493729852,-0.06005518716,7
-0.5822883087,-0.1668199643,8
0.2329153235,-0.3803495187,9
-0.2329153235,-0.3803495187,10
0,-0.4871142958,11
-0.931661294,-0.4871142958,12
-1.048118956,-0.4871142958,13
-0.931661294,-0.593879073,14
-0.5822883087,-1.554762068,15
-1.397491941,-1.554762068,16
2.063218012,1.968475579,1
1.501798145,1.54141647,2
0.6035263572,1.327886916,3
0.9403782776,0.7940630302,4
0.1543904635,0.2602391444,5
0.4912423838,0.2602391444,6
-0.2947454303,-0.06005518716,7
0.3789584104,-0.1668199643,8
-0.4070294037,-0.3803495187,9
0.1543904635,-0.3803495187,10
-0.4070294037,-0.4871142958,11
-0.1824614568,-0.4871142958,12
-1.080733244,-0.4871142958,13
-1.193017218,-0.593879073,14
-1.193017218,-1.554762068,15
-1.529869138,-1.554762068,16
1.743815999,1.968475579,1
1.013421863,1.54141647,2
0.721264209,1.327886916,3
1.15950069,0.7940630302,4
0.5751853819,0.2602391444,5
-0.301287581,0.2602391444,6
1.013421863,-0.06005518716,7
-0.009129926696,-0.1668199643,8
-0.009129926696,-0.3803495187,9
-0.4473664081,-0.3803495187,10
-0.4473664081,-0.4871142958,11
-0.1552087538,-0.4871142958,12
-0.301287581,-0.4871142958,13
-1.615997025,-0.593879073,14
-1.177760544,-1.554762068,15
-1.762075852,-1.554762068,16
1.256628056,1.968475579,1
1.256628056,1.54141647,2
1.067838864,1.327886916,3
1.445417247,0.7940630302,4
-0.4424746676,0.2602391444,5
0.9734442687,0.2602391444,6
-0.1592908803,-0.06005518716,7
0.8790496729,-0.1668199643,8
-0.5368692633,-0.3803495187,9
0.02949831117,-0.3803495187,10
-0.1592908803,-0.4871142958,11
-1.008842242,-0.4871142958,12
-1.103236838,-0.4871142958,13
-1.008842242,-0.593879073,14
-1.197631434,-1.554762068,15
-1.292026029,-1.554762068,16
1.948893653,1.968475579,1
2.518805112,1.54141647,2
0.5648229646,1.327886916,3
-0.3307521865,0.7940630302,4
0.3205751961,0.2602391444,5
-0.086504418,0.2602391444,6
-0.1679203408,-0.06005518716,7
0.1577433505,-0.1668199643,8
-0.005088495177,-0.3803495187,9
-0.2493362637,-0.3803495187,10
-0.4935840321,-0.4871142958,11
-0.574999955,-0.4871142958,12
-0.4935840321,-0.4871142958,13
-0.7378318006,-0.593879073,14
-1.063495492,-1.554762068,15
-1.30774326,-1.554762068,16
2.462642862,1.968475579,1
1.521291324,1.54141647,2
0.8488973687,1.327886916,3
0.1765034133,0.7940630302,4
-0.09245416886,0.2602391444,5
0.1765034133,0.2602391444,6
0.04202462221,-0.06005518716,7
-0.09245416886,-0.1668199643,8
0.1765034133,-0.3803495187,9
-0.7648481242,-0.3803495187,10
-0.7648481242,-0.4871142958,11
0.4454609954,-0.4871142958,12
-0.7648481242,-0.4871142958,13
-1.033805706,-0.593879073,14
-1.033805706,-1.554762068,15
-1.302763289,-1.554762068,16
2.202345402,1.968475579,1
1.632685622,1.54141647,2
0.6561259975,1.327886916,3
0.2492261541,0.7940630302,4
0.005086248042,0.2602391444,5
0.2492261541,0.2602391444,6
-0.07629372063,-0.06005518716,7
0.08646621672,-0.1668199643,8
-0.3204336267,-0.3803495187,9
-0.3204336267,-0.3803495187,10
0.8188859348,-0.4871142958,11
-0.4018135953,-0.4871142958,12
-1.052853345,-0.4871142958,13
-1.052853345,-0.593879073,14
-1.134233313,-1.554762068,15
-1.541133157,-1.554762068,16
2.898721478,1.968475579,1
1.169659544,1.54141647,2
0.8645309671,1.327886916,3
0.1525642883,0.7940630302,4
0.2542738139,0.2602391444,5
-0.4576928649,0.2602391444,6
-0.1525642883,-0.06005518716,7
-0.1525642883,-0.1668199643,8
-0.3559833394,-0.3803495187,9
-0.05085476277,-0.3803495187,10
-0.3559833394,-0.4871142958,11
-0.661111916,-0.4871142958,12
-0.2542738139,-0.4871142958,13
-0.5594023905,-0.593879073,14
-0.7628214416,-1.554762068,15
-1.576497646,-1.554762068,16
0.9965907231,1.968475579,1
0.5495219875,1.54141647,2
0.4004990756,1.327886916,3
1.294636547,0.7940630302,4
0.2514761638,0.2602391444,5
0.6985448993,0.2602391444,6
0.4004990756,-0.06005518716,7
1.145613635,-0.1668199643,8
0.5495219875,-0.3803495187,9
-0.4936383955,-0.3803495187,10
-0.1955925718,-0.4871142958,11
-0.1955925718,-0.4871142958,12
-0.3446154837,-0.4871142958,13
-1.238752955,-0.593879073,14
-1.536798779,-1.554762068,15
-2.281913338,-1.554762068,16
2.059755666,1.968475579,1
2.25304652,1.54141647,2
0.3201379774,1.327886916,3
0.1268471231,0.7940630302,4
0.1751698367,0.2602391444,5
0.3201379774,0.2602391444,6
0.1751698367,-0.06005518716,7
0.2718152638,-0.1668199643,8
-0.9362525754,-0.3803495187,9
-0.2597345854,-0.3803495187,10
-0.06644373116,-0.4871142958,11
-0.4047027262,-0.4871142958,12
-1.032898003,-0.4871142958,13
-0.6946390076,-0.593879073,14
-1.177866143,-1.554762068,15
-1.12954343,-1.554762068,16